filter_id,n_patients,n_expert_agreed,n_expert_disagreed,n_additional_issues,pct_expert_agreed,pct_expert_disagreed,pct_additional_issues
Overall,73,51,22,20,69.86301369863014,30.136986301369863,27.397260273972602
5,6,6,0,0,100.0,0.0,0.0
6,10,6,4,3,60.0,40.0,30.0
10,9,5,4,4,55.55555555555556,44.44444444444444,44.44444444444444
23,9,6,3,2,66.66666666666666,33.33333333333333,22.22222222222222
26,9,7,2,2,77.77777777777779,22.22222222222222,22.22222222222222
28,9,9,0,0,100.0,0.0,0.0
33,10,7,3,3,70.0,30.0,30.0
55,10,5,5,5,50.0,50.0,50.0
