precision_bin,count,percentage,bin_min,bin_max
0-10%,0,0.0,0.0,0.1
10-20%,0,0.0,0.1,0.2
20-30%,0,0.0,0.2,0.3
30-40%,5,8.771929824561402,0.3,0.4
40-50%,0,0.0,0.4,0.5
50-60%,22,38.59649122807017,0.5,0.6
60-70%,18,31.57894736842105,0.6,0.7
70-80%,8,14.035087719298245,0.7,0.8
80-90%,4,7.017543859649122,0.8,0.9
90-100%,0,0.0,0.9,1.0
SUMMARY: Mean,57,58.88888888888888,,
SUMMARY: Median,57,60.0,,
