model_name,score,score_sem,issue_precision,issue_precision_sem,issue_recall,issue_recall_sem,intervention_precision,intervention_precision_sem,intervention_recall,intervention_recall_sem
gpt-oss-120b-low,0.4263538289253592,0.0191886017918679,0.6725612680969827,0.023077112839166646,0.47503117913832216,0.021690682819424927,0.39980051694337404,0.018265304562010008,0.39474688010402287,0.018712166330678622
gpt-oss-120b-medium,0.4551080777925301,0.01790096190830351,0.685017633465436,0.019770647804956788,0.566081212743301,0.02106953049178518,0.4154418243189806,0.016788656449466376,0.43155424364568556,0.01801830479708055
gpt-oss-120b-high,0.4299779786111277,0.015774669130956934,0.6121842839699979,0.017299193352611188,0.6070613117041683,0.02131141342888784,0.36907732220563033,0.01454727822960274,0.43795701394246533,0.017687716016895505
gpt-oss-20b-medium,0.3334380705848989,0.017218465734469786,0.5679867156652875,0.02137815586998322,0.4217949312592171,0.020952258460815516,0.315541488856615,0.016429717101824007,0.32907672346327815,0.0175058490802772
gemma,0.19629861431003795,0.014974100166551416,0.409589827144772,0.02434750461781001,0.23605764504116164,0.01860424414887681,0.20655285190999478,0.01522901015163992,0.20582940868655172,0.015212436140362029
medgemma,0.24196419700235963,0.01914569147698062,0.3994784544386916,0.023507506539288243,0.2798499876673675,0.02078675110577227,0.24455795255164994,0.019062681168424765,0.2386147291084265,0.01902715461479294
