filter_id,n_patients,mean_score,sem_score
5,6,0.6476190476190476,0.10058784137359518
6,6,0.5976190476190476,0.13699479441258022
10,5,0.6542857142857142,0.051388873567442706
23,6,0.5023809523809524,0.12005762033101641
26,7,0.699092970521542,0.09735050671858408
28,9,0.8009259259259259,0.07979096489929824
33,7,0.7417233560090704,0.08305172465132685
55,5,0.5860317460317461,0.041268009727368125
