ethnicity,n_patients,n_evaluations,mean_score,std_dev,sem,median_score,q25,q75
White,570,570,0.4721493401455503,0.3094927408284026,0.012963224408388522,0.47619047619047616,0.25,0.6847402597402598
Asian,570,570,0.4744847160363638,0.2997473345186016,0.012555034256313451,0.4859126984126984,0.25,0.6666666666666666
Black,570,570,0.4705087588884197,0.30889762813942784,0.012938297880823416,0.4583333333333333,0.25,0.6666666666666666
