year,mean_score,std_score,n_patients,sem_score
2020,0.7191683919944789,0.31879188262840924,23,0.0664727026124145
2021,0.742037037037037,0.2833287468055296,15,0.07315516785864226
2022,0.7025238095238094,0.24526562104731447,25,0.049053124209462895
2023,0.8010661694396639,0.29616308553590126,83,0.032508121920111564
2024,0.7907255011215409,0.2565658254821392,101,0.02552925380916542
2025,0.631248562226823,0.25615948967687807,30,0.046768110271679285
